"Date","TRV.Adjusted","PGR.Adjusted","ALL.Adjusted","CB.Adjusted","AIG.Adjusted"
2023-01-03,176.774429321289,118.809707641602,127.408416748047,212.818908691406,58.8616065979004
2023-01-04,176.878372192383,119.813949584961,129.552703857422,216.318145751953,59.7314796447754
2023-01-05,177.180694580078,120.170249938965,129.906967163086,215.508392333984,59.4041061401367
2023-01-06,183.151260375977,122.984260559082,131.799560546875,220.61750793457,60.3768653869629
2023-01-09,178.663879394531,120.608795166016,130.531616210938,215.460189819336,59.7408294677734
2023-01-10,180.647766113281,121.53157043457,131.696960449219,216.674819946289,59.3479881286621
2023-01-11,181.035110473633,120.828079223633,128.872085571289,216.520599365234,59.3573417663574
2023-01-12,181.375228881836,121.458488464355,127.790672302246,217.474945068359,59.563117980957
2023-01-13,183.198501586914,122.107147216797,129.56201171875,219.007659912109,60.2459182739258
2023-01-17,174.771667480469,119.402809143066,126.345603942871,216.539901733398,59.6566505432129
2023-01-18,173.477401733398,117.155258178711,123.464782714844,212.626098632812,58.1881561279297
2023-01-19,173.864715576172,115.04475402832,116.202125549316,211.353622436523,57.7298278808594
2023-01-20,175.083404541016,116.607070922852,117.143768310547,212.491104125977,58.4313468933105
2023-01-23,176.056503295898,116.141136169434,116.761505126953,215.537322998047,59.0206108093262
2023-01-24,182.565536499023,118.032348632812,118.644775390625,220.125885009766,59.0767364501953
2023-01-25,180.194290161133,123.769981384277,119.912696838379,221.494781494141,59.3947525024414
2023-01-26,181.488571166992,123.258346557617,119.894058227539,222.786468505859,59.8437156677246
2023-01-27,178.323745727539,123.404541015625,119.17618560791,219.142623901367,59.2357482910156
2023-01-30,177.520782470703,123.706008911133,119.334663391113,217.928024291992,59.0860862731934
2023-01-31,180.553298950195,124.573974609375,119.772857666016,219.296859741211,59.1328582763672
2023-02-01,174.98893737793,126.06315612793,119.483848571777,205.752883911133,57.2715110778809
2023-02-02,171.70133972168,123.31315612793,122.961318969727,202.600662231445,55.2137336730957
2023-02-03,172.655532836914,124.537414550781,122.439247131348,202.282516479492,54.9518394470215
2023-02-06,175.706939697266,125.779968261719,125.842163085938,206.148086547852,56.0836143493652
2023-02-07,178.559967041016,126.721031188965,127.46435546875,207.401290893555,56.6915893554688
2023-02-08,177.029525756836,126.419509887695,127.56689453125,207.594085693359,57.0283203125
2023-02-09,175.111740112305,125.33228302002,124.518264770508,205.723968505859,56.9347839355469
2023-02-10,176.424926757812,126.748420715332,126.243026733398,206.957870483398,57.3556861877441
2023-02-13,177.227935791016,127.64379119873,127.268577575684,207.738677978516,57.9543037414551
2023-02-14,173.949752807617,127.24178314209,125.898056030273,205.637222290039,57.5427589416504
2023-02-15,174.979507446289,129.699478149414,127.865226745605,205.280532836914,57.8327217102051
2023-02-16,172.938934326172,130.229354858398,127.81859588623,202.687393188477,58.1413841247559
2023-02-17,175.480224609375,129.297470092773,125.907417297363,203.024780273438,56.888011932373
2023-02-21,175.007858276367,130.265899658203,125.310737609863,201.251052856445,55.8591346740723
2023-02-22,175.829742431641,130.183700561523,124.257232666016,202.301818847656,56.7383575439453
2023-02-23,175.215713500977,130.064910888672,122.924041748047,201.087203979492,56.4109840393066
2023-02-24,175.083404541016,129.562423706055,122.681617736816,203.314010620117,56.2800331115723
2023-02-27,175.083404541016,129.452774047852,121.039001464844,204.056274414062,56.7290077209473
2023-02-28,174.885025024414,131.124710083008,120.879425048828,203.420059204102,57.1592636108398
2023-03-01,173.87419128418,129.946151733398,119.781211853027,201.95475769043,57.0189628601074
2023-03-02,173.061737060547,129.964401245117,118.532806396484,200.894393920898,56.1490821838379
2023-03-03,173.43962097168,133.02507019043,120.269317626953,199.641220092773,56.3080978393555
2023-03-06,173.212890625,133.061630249023,119.771820068359,200.566650390625,56.4390449523926
2023-03-07,170.397644042969,132.321578979492,116.937103271484,199.352020263672,54.7086486816406
2023-03-08,167.941390991211,131.344009399414,114.890838623047,196.045547485352,53.6423454284668
2023-03-09,165.168304443359,129.790802001953,112.074890136719,191.707595825195,52.192554473877
2023-03-10,166.839767456055,128.502593994141,110.948509216309,191.254531860352,49.7138786315918
2023-03-13,163.553894042969,127.479301452637,107.175132751465,185.065780639648,46.8329887390137
2023-03-14,163.11701965332,129.589828491211,107.344085693359,187.022659301758,47.8151168823242
2023-03-15,158.112197875977,123.395370483398,103.824142456055,180.650695800781,44.8594055175781
2023-03-16,163.544372558594,130.530883789062,105.222732543945,185.772903442383,47.260570526123
2023-03-17,156.725677490234,124.546569824219,98.6615676879883,180.873413085938,44.4827537536621
2023-03-20,160.220504760742,127.059036254883,102.500648498535,183.574905395508,45.9987869262695
2023-03-21,163.107543945312,128.118881225586,105.635734558105,188.125793457031,48.2587013244629
2023-03-22,158.245178222656,124.884620666504,101.87174987793,184.010620117188,45.9046249389648
2023-03-23,155.614562988281,125.926147460938,99.1027374267578,180.108474731445,44.4074287414551
2023-03-24,156.611709594727,128.30158996582,99.1121215820312,180.631378173828,44.5769157409668
2023-03-27,157.979263305664,128.931991577148,100.426231384277,182.926147460938,44.6899108886719
2023-03-28,157.532913208008,130.512588500977,99.8161087036133,183.545852661133,44.7275810241699
2023-03-29,161.312622070312,132.001831054688,102.969970703125,187.128479003906,45.857536315918
2023-03-30,162.224319458008,131.371383666992,102.397392272949,187.283401489258,46.9121589660645
2023-03-31,162.784652709961,130.704467773438,104.011863708496,188.019271850586,47.420654296875
2023-04-03,163.620361328125,132.568283081055,107.240837097168,190.439956665039,47.4771423339844
2023-04-04,160.14453125,131.819091796875,106.227096557617,189.258651733398,46.9592475891113
2023-04-05,161.740020751953,133.876159667969,107.832191467285,189.771865844727,47.3076515197754
2023-04-06,162.65168762207,134.662460327148,108.151321411133,190.556167602539,48.0986213684082
2023-04-10,163.96223449707,136.225845336914,108.986717224121,189.810577392578,48.1268692016602
2023-04-11,164.816970825195,135.87841796875,108.977325439453,191.795562744141,48.2116241455078
2023-04-12,165.092361450195,135.448745727539,108.95858001709,192.909042358398,48.3246192932129
2023-04-13,164.484573364258,126.360908508301,107.109428405762,193.770843505859,48.6071090698242
2023-04-14,159.897598266602,124.203239440918,105.25089263916,189.568496704102,48.4376106262207
2023-04-17,162.661193847656,126.54377746582,107.841590881348,191.921417236328,48.8895950317383
2023-04-18,163.344955444336,126.717483520508,107.137596130371,195.291030883789,49.398078918457
2023-04-19,173.383071899414,127.00089263916,109.362182617188,198.011856079102,50.0666313171387
2023-04-20,170.239624023438,126.52547454834,110.178810119629,197.489013671875,49.2850875854492
2023-04-21,170.467559814453,125.272941589355,108.676979064941,194.806884765625,48.5411911010742
2023-04-24,170.116195678711,123.791801452637,108.789604187012,194.206527709961,48.7954292297363
2023-04-25,168.397232055664,123.307250976562,107.8603515625,194.79719543457,47.9762115478516
2023-04-26,167.722991943359,122.36555480957,107.062477111816,192.07633972168,47.8443832397461
2023-04-27,171.179824829102,123.160972595215,108.179489135742,192.715423583984,49.0967597961426
2023-04-28,172.025024414062,124.706085205078,108.658195495605,195.165130615234,49.9442253112793
2023-05-01,172.613800048828,124.239791870117,108.752052307129,195.726715087891,49.9913063049316
2023-05-02,171.445693969727,117.309669494629,105.494964599609,194.138763427734,48.8990173339844
2023-05-03,170.135162353516,114.329147338867,104.659553527832,191.50505065918,48.3528633117676
2023-05-04,170.125671386719,115.289131164551,107.024940490723,189.268356323242,46.9686660766602
2023-05-05,173.126663208008,118.415946960449,108.630035400391,192.618545532227,50.650447845459
2023-05-08,173.383071899414,122.594116210938,108.996109008789,193.325393676758,50.6127853393555
2023-05-09,174.503662109375,124.06608581543,111.155006408691,195.087646484375,50.0007171630859
2023-05-10,173.943359375,122.859275817871,110.451026916504,194.109710693359,49.5393218994141
2023-05-11,173.610961914062,122.456993103027,111.070533752441,195.000534057617,49.7276496887207
2023-05-12,172.927215576172,121.990692138672,111.004821777344,193.916076660156,49.4263229370117
2023-05-15,173.610961914062,120.683319091797,110.69507598877,193.703033447266,49.4734153747559
2023-05-16,172.376403808594,118.635345458984,109.643783569336,193.267318725586,49.2568397521973
2023-05-17,172.537857055664,124.888931274414,111.699424743652,192.618545532227,50.6033706665039
2023-05-18,174.114303588867,124.440948486328,111.596168518066,194.274322509766,51.1401023864746
2023-05-19,174.475204467773,123.480964660645,110.554275512695,194.79719543457,50.7069473266602
2023-05-22,171.987045288086,124.002105712891,110.845252990723,191.911743164062,50.8105354309082
2023-05-23,170.287124633789,121.91756439209,109.12752532959,190.207595825195,52.5148849487305
2023-05-24,167.134201049805,120.226165771484,106.443000793457,187.91276550293,51.3849258422852
2023-05-25,164.930923461914,117.876510620117,104.227783203125,184.543182373047,50.5468788146973
2023-05-26,163.620361328125,117.474227905273,102.810409545898,184.059036254883,50.9141044616699
2023-05-30,164.570022583008,117.09024810791,103.871078491211,184.068740844727,51.5261726379395
2023-05-31,160.723831176758,116.943962097168,101.796676635742,179.905151367188,49.7464904785156
2023-06-01,162.68017578125,117.327949523926,103.348785400391,181.744842529297,50.6033706665039
2023-06-02,166.317459106445,118.39762878418,104.181625366211,186.257019042969,51.9781494140625
2023-06-05,165.595672607422,117.967918395996,103.613777160645,185.250030517578,51.0647621154785
2023-06-06,166.146499633789,118.671928405762,104.096450805664,185.540496826172,52.6655426025391
2023-06-07,166.934753417969,119.622764587402,106.206970214844,186.479705810547,53.4188537597656
2023-06-08,167.058944702148,119.842193603516,105.91357421875,185.521118164062,53.3246917724609
2023-06-09,167.717956542969,119.677597045898,105.960899353027,185.085403442383,53.5600967407227
2023-06-12,166.925201416016,119.485626220703,106.32999420166,184.504425048828,52.9386291503906
2023-06-13,168.214599609375,120.390731811523,107.371063232422,185.801910400391,53.3246917724609
2023-06-14,165.759948730469,116.047966003418,105.430908203125,182.848709106445,52.5808029174805
2023-06-15,168.071334838867,117.355377197266,104.616989135742,186.039154052734,53.6612243652344
2023-06-16,168.816284179688,118.845626831055,105.213218688965,189.618713378906,54.3056945800781
2023-06-20,167.679718017578,118.379348754883,102.790405273438,187.994293212891,53.1494483947754
2023-06-21,167.421844482422,119.403335571289,101.957550048828,188.626556396484,53.5095863342285
2023-06-22,167.154403686523,120.4638671875,102.213088989258,189.813232421875,53.0451965332031
2023-06-23,165.922317504883,121.38729095459,101.768264770508,187.965118408203,52.3343849182129
2023-06-26,164.652008056641,120.637573242188,103.121643066406,185.572250366211,52.7608680725098
2023-06-27,164.843017578125,121.277587890625,102.818809509277,184.570404052734,53.5001106262207
2023-06-28,160.812438964844,120.399894714355,103.027008056641,179.872222900391,53.5095863342285
2023-06-29,163.314895629883,120.74732208252,103.244667053223,183.938125610352,54.2109222412109
2023-06-30,165.865005493164,121.021545410156,103.197357177734,187.303665161133,54.533145904541
2023-07-03,165.320587158203,121.222732543945,104.588600158691,187.05078125,54.9122428894043
2023-07-05,164.843017578125,120.162185668945,104.143760681152,185.902969360352,54.6942672729492
2023-07-06,163.238464355469,120.473258972168,102.93238067627,186.963226318359,54.590015411377
2023-07-07,163.945220947266,120.098129272461,102.468620300293,186.301788330078,55.1586570739746
2023-07-10,161.481048583984,119.933448791504,101.030067443848,182.955688476562,55.0449371337891
2023-07-11,164.623352050781,120.930755615234,103.225746154785,186.865951538086,55.6799240112305
2023-07-12,163.439010620117,120.875831604004,101.834526062012,185.085922241211,55.5851516723633
2023-07-13,160.669204711914,105.019523620605,99.2129440307617,184.813552856445,55.8126068115234
2023-07-14,158.501098632812,106.858596801758,95.7585144042969,183.18913269043,54.6374092102051
2023-07-17,161.022598266602,111.579818725586,96.9226150512695,186.437957763672,56.0116348266602
2023-07-18,163.343505859375,109.621795654297,97.8784866333008,187.731658935547,56.267520904541
2023-07-19,162.904159545898,108.166999816895,100.12149810791,187.916488647461,56.030590057373
2023-07-20,165.836364746094,113.418891906738,105.979835510254,193.947250366211,57.0920600891113
2023-07-21,165.062744140625,113.812324523926,104.881980895996,194.355773925781,56.817211151123
2023-07-24,166.992050170898,114.590049743652,106.10285949707,195.065841674805,57.111011505127
2023-07-25,164.394149780273,113.043762207031,104.550743103027,190.182891845703,56.7603530883789
2023-07-26,166.342590332031,115.495864868164,106.907325744629,200.269805908203,57.6607055664062
2023-07-27,167.020706176758,114.654098510742,106.736976623535,205.434860229492,57.4711570739746
2023-07-28,165.482971191406,114.397903442383,106.434097290039,200.357360839844,57.016242980957
2023-07-31,164.862121582031,115.267127990723,106.642318725586,198.830215454102,57.1299629211426
2023-08-01,164.575592041016,116.584671020508,106.973564147949,197.67268371582,57.2247428894043
2023-08-02,163.419937133789,114.699844360352,100.802932739258,199.939071655273,58.068229675293
2023-08-03,161.796234130859,117.893081665039,105.393043518066,197.361419677734,57.9450340270996
2023-08-04,161.079879760742,115.779495239258,103.982894897461,195.435485839844,57.5185394287109
2023-08-07,162.483901977539,116.804260253906,104.806259155273,197.478164672852,58.6747932434082
2023-08-08,160.344482421875,115.742897033691,104.522346496582,195.591094970703,58.2862129211426
2023-08-09,159.780960083008,115.742897033691,103.727348327637,195.513275146484,57.1868324279785
2023-08-10,159.446685791016,115.413513183594,104.75895690918,196.106628417969,57.2626495361328
2023-08-11,159.370239257812,116.968955993652,103.197357177734,196.262268066406,57.3669052124023
2023-08-14,158.806747436523,115.212219238281,101.172035217285,196.164993286133,56.6940040588379
2023-08-15,156.141952514648,114.416206359863,99.440071105957,193.927764892578,55.7083511352539
2023-08-16,157.947128295898,124.563148498535,103.859870910645,196.515167236328,55.5472412109375
2023-08-17,156.075103759766,123.71223449707,102.127906799316,194.579483032227,55.0259780883789
2023-08-18,155.177276611328,122.541091918945,100.500068664551,194.443313598633,54.9217300415039
2023-08-21,154.346343994141,120.939888000488,99.6482925415039,194.589218139648,54.7700843811035
2023-08-22,152.760864257812,119.430206298828,99.4874038696289,193.665145874023,54.3436012268066
2023-08-23,153.706405639648,119.302116394043,99.9606170654297,195.78564453125,54.6089782714844
2023-08-24,154.575576782227,120.683700561523,99.6956176757812,195.678649902344,55.0544128417969
2023-08-25,154.384536743164,121.305892944336,99.5063323974609,196.126083374023,54.8269500732422
2023-08-28,153.610900878906,120.390922546387,99.7713394165039,195.28955078125,54.8459053039551
2023-08-29,154.04069519043,121.003944396973,100.850242614746,196.417892456055,55.3008232116699
2023-08-30,154.078918457031,122.63257598877,104.276496887207,196.252548217773,55.2913436889648
2023-08-31,153.992935180664,122.120193481445,102.892631530762,195.386840820312,55.4619483947754
2023-09-01,155.014938354492,123.959251403809,105.517204284668,197.740753173828,56.1443138122559
2023-09-05,153.190643310547,122.165962219238,102.329551696777,194.598937988281,55.5377578735352
2023-09-06,153.400772094727,123.373695373535,103.007171630859,196.427642822266,56.0969276428223
2023-09-07,154.419540405273,125.725151062012,102.816276550293,198.450866699219,56.5328941345215
2023-09-08,153.669891357422,124.215461730957,101.356063842773,199.083099365234,56.5423698425293
2023-09-11,154.86164855957,125.587905883789,102.863998413086,200.717224121094,56.5708045959473
2023-09-12,156.437850952148,126.859710693359,104.49600982666,202.604293823242,57.4048080444336
2023-09-13,156.78385925293,127.335494995117,103.932922363281,204.141143798828,57.4806365966797
2023-09-14,159.50373840332,127.701477050781,105.507667541504,207.041961669922,58.3482246398926
2023-09-15,158.388885498047,126.94206237793,103.818389892578,207.256866455078,58.3291625976562
2023-09-18,160.359146118164,128.607284545898,105.975296020508,209.122375488281,58.8058624267578
2023-09-19,160.685882568359,130.354858398438,108.20858001709,209.278625488281,59.454174041748
2023-09-20,162.36784362793,130.55615234375,108.943466186523,208.780517578125,59.4160385131836
2023-09-21,162.050659179688,130.290802001953,108.65714263916,207.540084838867,58.4721717834473
2023-09-22,161.310607910156,131.077697753906,108.886192321777,208.116348266602,58.7105255126953
2023-09-25,161.310607910156,130.309112548828,109.983741760254,207.2861328125,59.2348937988281
2023-09-26,161.42594909668,128.781127929688,108.103584289551,207.032211303711,58.4054298400879
2023-09-27,161.387496948242,128.662200927734,107.865005493164,206.700149536133,58.1670837402344
2023-09-28,161.099151611328,128.470062255859,107.359176635742,207.325241088867,58.424503326416
2023-09-29,156.956848144531,127.454429626465,106.328437805176,203.330474853516,57.7761878967285
2023-10-02,155.957290649414,127.152488708496,105.851249694824,201.591949462891,57.2518119812012
2023-10-03,154.659820556641,127.545921325684,104.896850585938,200.136672973633,55.9075202941895
2023-10-04,156.178344726562,130.164642333984,106.36661529541,202.832366943359,56.5939712524414
2023-10-05,157.504669189453,130.47590637207,107.244651794434,205.850357055664,57.3471603393555
2023-10-06,156.610824584961,130.805511474609,107.989067077637,204.668579101562,58.0336036682129
2023-10-09,156.908767700195,131.171798706055,108.962539672852,205.586685180664,58.2433586120605
2023-10-10,155.918853759766,130.247009277344,109.487464904785,204.785781860352,58.3196258544922
2023-10-11,156.091857910156,131.721160888672,109.535179138184,205.283889770508,58.6628532409668
2023-10-12,154.47721862793,131.208419799805,108.781204223633,204.463470458984,58.2910270690918
2023-10-13,157.821823120117,141.875396728516,114.832038879395,206.02619934082,58.2433586120605
2023-10-16,161.128005981445,143.798187255859,119.222221374512,209.034439086914,59.6925315856934
2023-10-17,162.771484375,145.528701782227,122.085388183594,211.095306396484,60.235969543457
2023-10-18,161.570129394531,145.748443603516,121.598655700684,210.147903442383,59.682991027832
2023-10-19,157.56233215332,144.484909057617,119.050445556641,205.645278930664,58.3196258544922
2023-10-20,155.303756713867,141.774688720703,117.571136474609,203.144912719727,56.7465171813965
2023-10-23,152.997146606445,140.529434204102,116.273162841797,201.709167480469,56.2316780090332
2023-10-24,151.77653503418,143.056549072266,118.620956420898,206.514541625977,57.0802040100098
2023-10-25,158.321594238281,143.230514526367,119.479904174805,210.626480102539,58.1194114685059
2023-10-26,158.062103271484,140.877365112305,119.89030456543,208.126098632812,58.014533996582
2023-10-27,154.429138183594,140.144866943359,117.676116943359,203.691879272461,56.756046295166
2023-10-30,159.071258544922,142.095138549805,119.747138977051,208.721893310547,58.1575508117676
2023-10-31,160.926193237305,144.750442504883,122.28581237793,209.620483398438,58.4531021118164
2023-11-01,162.694580078125,146.142211914062,123.831932067871,215.177917480469,59.1586227416992
2023-11-02,162.377410888672,145.373077392578,125.368507385254,213.507766723633,61.3609771728516
2023-11-03,161.858444213867,143.029083251953,125.721603393555,213.693328857422,60.7698669433594
2023-11-06,162.9541015625,144.878631591797,124.566802978516,214.435638427734,60.9605445861816
2023-11-07,163.376968383789,145.226577758789,123.746047973633,213.83984375,60.1596908569336
2023-11-08,162.002593994141,145.226577758789,123.383369445801,213.908203125,59.6639251708984
2023-11-09,162.031448364258,146.819778442383,123.106590270996,213.732421875,59.9213371276855
2023-11-10,163.348175048828,146.856369018555,124.375915527344,217.25830078125,60.8461380004883
2023-11-13,164.34765625,148.257247924805,123.927368164062,216.828567504883,60.7603340148926
2023-11-14,162.137161254883,146.068923950195,125.64525604248,214.435638427734,61.2179679870605
2023-11-15,162.944473266602,144.36589050293,125.568923950195,213.136611938477,60.5219841003418
2023-11-16,165.010833740234,146.444305419922,128.603881835938,216.828567504883,61.1321640014648
2023-11-17,165.135787963867,144.274322509766,128.069427490234,217.443893432617,61.4753952026367
2023-11-20,165.404907226562,145.90412902832,128.498870849609,217.961547851562,61.3609771728516
2023-11-21,168.249725341797,148.156539916992,128.804321289062,220.041900634766,61.942554473877
2023-11-22,169.230072021484,148.889022827148,129.882751464844,221.389770507812,61.942554473877
2023-11-24,170.633224487305,149.905364990234,130.379028320312,221.751159667969,62.1713676452637
2023-11-27,171.661636352539,150.537170410156,131.199813842773,223.030654907227,62.2095069885254
2023-11-28,169.960510253906,149.484191894531,130.207214355469,219.748916625977,61.6279373168945
2023-11-29,170.537155151367,149.246124267578,130.159225463867,219.836822509766,61.8090858459473
2023-11-30,173.593444824219,150.189208984375,132.445571899414,224.085464477539,62.7434120178223
2023-12-01,174.900527954102,148.751708984375,132.26301574707,223.333419799805,62.8959693908691
2023-12-04,176.0634765625,149.621551513672,133.185287475586,222.805999755859,62.9245643615723
2023-12-05,176.515167236328,149.731399536133,133.223693847656,221.59489440918,62.8292236328125
2023-12-06,176.005783081055,147.863555908203,133.04118347168,219.065231323242,62.3239135742188
2023-12-07,175.793212890625,148.064971923828,133.550338745117,217.932250976562,62.362060546875
2023-12-08,175.165069580078,147.570571899414,133.83854675293,217.717361450195,62.4764556884766
2023-12-11,176.218399047852,149.630706787109,137.440948486328,219.241012573242,63.0961723327637
2023-12-12,177.484344482422,151.196395874023,138.680221557617,221.780471801758,63.8302879333496
2023-12-13,178.991897583008,147.002868652344,138.670608520508,220.842819213867,64.4437789916992
2023-12-14,176.624313354492,140.593521118164,133.761672973633,216.195526123047,63.7344360351562
2023-12-15,176.66291809082,140.46533203125,133.588729858398,215.76416015625,63.274341583252
2023-12-18,177.242767333984,142.836791992188,133.290939331055,215.999450683594,63.7056732177734
2023-12-19,179.919586181641,144.375045776367,132.810623168945,217.470108032227,64.6450653076172
2023-12-20,177.658279418945,142.43391418457,130.284103393555,214.528793334961,63.8590545654297
2023-12-21,179.330154418945,143.276306152344,130.07275390625,215.715148925781,63.8111228942871
2023-12-22,179.552383422852,144.448272705078,131.994049072266,216.450469970703,64.1562194824219
2023-12-26,180.799011230469,144.100357055664,132.647308349609,217.725021362305,64.3479080200195
2023-12-27,182.277572631836,144.356719970703,132.945098876953,218.332901000977,64.3670883178711
2023-12-28,182.96369934082,144.97932434082,134.31884765625,220.038833618164,65.057243347168
2023-12-29,184.084671020508,145.840042114258,134.472518920898,221.578140258789,64.9422225952148
2024-01-02,184.983413696289,147.991744995117,138.15185546875,222.901748657227,65.9870452880859
2024-01-03,184.867462158203,149.401794433594,139.295043945312,221.980102539062,65.7665786743164
2024-01-04,186.06575012207,149.246124267578,142.657348632812,222.85270690918,65.7857513427734
2024-01-05,186.577941894531,148.980606079102,144.0791015625,223.244857788086,66.1499938964844
2024-01-08,185.843505859375,151.416152954102,143.502716064453,221.774230957031,65.3927459716797
2024-01-09,185.737182617188,152.606475830078,145.039733886719,220.901641845703,65.0189056396484
2024-01-10,186.597259521484,151.544357299805,144.396118164062,220.842803955078,64.7888488769531
2024-01-11,188.317398071289,153.842575073242,144.453765869141,223.254684448242,64.5012741088867
2024-01-12,188.98420715332,154.648284912109,145.087768554688,223.097808837891,64.7025756835938
2024-01-16,190.095550537109,154.346160888672,145.539321899414,223.274276733398,64.4341888427734
2024-01-17,190.858978271484,155.554748535156,146.547988891602,223.784118652344,63.9836692810059
2024-01-18,191.680404663086,156.355346679688,146.903427124023,225.529296875,64.4533462524414
2024-01-19,204.552474975586,156.567016601562,148.786331176758,232.676651000977,65.9774627685547
2024-01-22,206.668869018555,156.695846557617,149.276260375977,234.323806762695,66.3896331787109
2024-01-23,203.885696411133,156.732666015625,148.046615600586,235.647369384766,66.1404113769531
2024-01-24,203.885696411133,164.131256103516,151.226379394531,236.853302001953,66.2937850952148
2024-01-25,204.40754699707,163.809188842773,152.801849365234,236.490539550781,66.1212387084961
2024-01-26,204.320556640625,165.106689453125,152.13899230957,236.519973754883,66.6484527587891
2024-01-29,204.020980834961,163.579116821289,149.919906616211,238.02001953125,66.4950866699219
2024-01-30,206.359619140625,165.373565673828,150.332977294922,238.412185668945,67.4632263183594
2024-01-31,204.2529296875,164.030014038086,149.14176940918,240.20637512207,66.629280090332
2024-02-01,204.890716552734,164.453323364258,150.044769287109,240.157363891602,65.9678726196289
2024-02-02,207.596603393555,166.275390625,151.178359985352,241.863311767578,66.7443008422852
2024-02-05,205.915084838867,167.646499633789,150.659591674805,244.373229980469,66.0733184814453
2024-02-06,205.847457885742,165.888870239258,151.159133911133,242.824127197266,65.9199523925781
2024-02-07,207.016754150391,167.637313842773,152.359954833984,242.05940246582,66.9168472290039
2024-02-08,206.620544433594,168.364273071289,155.386001586914,239.559310913086,65.5748748779297
2024-02-09,207.287353515625,168.143432617188,153.733688354492,242.373153686523,66.2554321289062
2024-02-12,207.470962524414,167.812133789062,153.051620483398,243.157485961914,66.8401718139648
2024-02-13,208.688583374023,167.554489135742,152.340744018555,241.990798950195,67.1852340698242
2024-02-14,209.336029052734,172.956207275391,155.040161132812,243.265365600586,66.3033676147461
2024-02-15,211.655334472656,174.143310546875,155.5205078125,246.147811889648,67.3865432739258
2024-02-16,210.215454101562,174.005233764648,155.414840698242,245.990936279297,67.137321472168
2024-02-20,212.699035644531,174.364135742188,153.435897827148,245.60856628418,65.3064727783203
2024-02-21,212.099884033203,175.072723388672,152.907516479492,247.030212402344,65.8336715698242
2024-02-22,214.825057983398,176.397857666016,153.887390136719,250.442138671875,67.942497253418
2024-02-23,213.530136108398,176.038970947266,152.869110107422,251.0009765625,68.3642578125
2024-02-26,212.679718017578,178.137069702148,153.512741088867,249.853866577148,68.3642578125
2024-02-27,214.419189453125,176.848739624023,153.262954711914,249.883270263672,68.9681701660156
2024-02-28,213.008270263672,176.710723876953,154.271682739258,248.618515014648,69.4282608032227
2024-02-29,213.530136108398,174.437759399414,153.243774414062,246.745880126953,69.8692016601562
2024-03-01,211.462112426758,172.845764160156,149.910247802734,245.716415405273,69.8212661743164
2024-03-04,211.703689575195,174.143310546875,151.098739624023,243.402603149414,70.1376037597656
2024-03-05,211.761672973633,174.667831420898,151.475570678711,244.481079101562,70.8565063476562
2024-03-06,213.201553344727,180.37321472168,151.736450195312,245.647796630859,71.7479782104492
2024-03-07,212.98796081543,180.474426269531,151.349945068359,243.951644897461,71.6233673095703
2024-03-08,212.065734863281,182.581726074219,151.620498657227,243.941848754883,71.3262176513672
2024-03-11,212.619079589844,181.044998168945,154.538497924805,250.0107421875,71.8054885864258
2024-03-12,214.017013549805,183.069488525391,154.209991455078,252.706939697266,72.744873046875
2024-03-13,216.958480834961,183.8056640625,154.673782348633,255.118789672852,72.7063446044922
2024-03-14,214.948928833008,185.765731811523,153.997406005859,253.426864624023,73.0530700683594
2024-03-15,214.473266601562,188.535629272461,156.72216796875,252.108703613281,73.4575881958008
2024-03-18,215.434326171875,189.94352722168,157.504806518555,253.436706542969,72.5618667602539
2024-03-19,217.094375610352,189.096954345703,156.876770019531,254.263000488281,72.7063446044922
2024-03-20,218.414627075195,189.308563232422,155.726959228516,254.292541503906,73.9102478027344
2024-03-21,219.521301269531,189.170562744141,156.693176269531,252.128387451172,74.555549621582
2024-03-22,217.890411376953,189.290191650391,159.669174194336,251.341430664062,73.5635223388672
2024-03-25,218.938842773438,189.584671020508,163.263534545898,251.439788818359,73.7657852172852
2024-03-26,218.744674682617,188.323959350586,165.041397094727,251.902130126953,74.5362930297852
2024-03-27,222.142379760742,189.704299926758,164.10417175293,254.282684326172,75.4512557983398
2024-03-28,223.414123535156,190.320846557617,167.167098999023,254.902420043945,75.2875289916992
2024-04-01,221.491958618164,193.201126098633,166.741958618164,253.200592041016,74.7770614624023
2024-04-02,221.191040039062,193.274765014648,166.712982177734,252.15788269043,75.1430435180664
2024-04-03,222.365676879883,194.048126220703,167.563247680664,250.633178710938,74.9311676025391
2024-04-04,221.822036743164,192.639511108398,165.447219848633,248.114944458008,73.7946853637695
2024-04-05,224.142196655273,194.259857177734,166.983520507812,248.774017333984,74.844482421875
2024-04-08,223.850936889648,193.698272705078,166.5390625,249.02978515625,74.9793167114258
2024-04-09,217.298233032227,188.560974121094,162.645172119141,243.983459472656,72.735237121582
2024-04-10,217.822463989258,189.794647216797,164.017181396484,243.953964233398,72.5426177978516
2024-04-11,213.958755493164,186.213287353516,160.017013549805,240.540573120117,71.4350204467773
2024-04-12,214.638305664062,187.723159790039,161.176467895508,241.799697875977,70.9630813598633
2024-04-15,214.599472045898,190.199752807617,160.161926269531,240.452056884766,70.3563232421875
2024-04-16,216.599243164062,191.820098876953,158.664306640625,241.209487915039,71.0882873535156
2024-04-17,200.542663574219,192.529037475586,157.417877197266,239.556900024414,69.9036560058594
2024-04-18,204.270431518555,193.109039306641,163.398803710938,241.38655090332,70.2985382080078
2024-04-19,207.813751220703,197.657104492188,167.118774414062,246.127914428711,71.4928131103516
2024-04-22,208.007919311523,196.101211547852,169.486083984375,247.396850585938,72.1958770751953
2024-04-23,208.056457519531,197.040267944336,169.360443115234,245.803298950195,72.1669998168945
2024-04-24,207.192443847656,195.364654541016,166.452087402344,239.045364379883,72.2055358886719
2024-04-25,207.736083984375,193.403656005859,166.519729614258,241.947250366211,71.878059387207
2024-04-26,207.211868286133,191.525497436523,164.326416015625,241.445571899414,71.7817459106445
2024-04-29,206.677932739258,190.273406982422,163.852935791016,245.154067993164,72.9471282958984
2024-04-30,205.959564208984,191.728042602539,164.31672668457,244.583526611328,72.5329818725586
2024-05-01,206.920639038086,194.996398925781,165.766067504883,245.852462768555,73.0145492553711
2024-05-02,208.104995727539,192.446182250977,163.466445922852,246.167251586914,75.2201080322266
2024-05-03,207.600204467773,192.160751342773,162.500213623047,244.485168457031,75.5860977172852
2024-05-06,209.599990844727,198.412078857422,164.336059570312,247.937896728516,77.0211563110352
2024-05-07,210.629013061523,198.366027832031,162.509872436523,247.83952331543,77.319709777832
2024-05-08,210.988174438477,198.771118164062,164.529266357422,247.52473449707,76.944091796875
2024-05-09,213.007400512695,196.764083862305,165.669448852539,249.895401000977,76.9344635009766
2024-05-10,212.114288330078,198.642211914062,166.877243041992,250.682373046875,77.1559829711914
2024-05-13,210.250396728516,195.558013916016,164.142791748047,250.387252807617,76.0772857666016
2024-05-14,211.230880737305,196.718032836914,163.369827270508,249.02978515625,76.5107040405273
2024-05-15,208.085571289062,192.648696899414,160.654724121094,248.842864990234,75.9906005859375
2024-05-16,212.813247680664,190.58642578125,163.369827270508,260.558563232422,75.8365097045898
2024-05-17,213.288955688477,192.621078491211,163.785308837891,269.805236816406,77.5701293945312
2024-05-20,209.299057006836,190.558792114258,162.191009521484,259.830657958984,75.8846588134766
2024-05-21,209.930053710938,192.76838684082,162.509872436523,260.676635742188,75.7787094116211
2024-05-22,210.211563110352,189.969573974609,160.558074951172,263.076812744141,76.0002365112305
2024-05-23,206.037246704102,187.060287475586,158.461395263672,258.787902832031,74.7192764282227
2024-05-24,207.095367431641,187.732391357422,159.273010253906,260.440551757812,75.1526870727539
2024-05-28,204.221878051758,188.901596069336,159.108764648438,258.355102539062,74.5073852539062
2024-05-29,203.9306640625,187.032653808594,157.978271484375,257.263214111328,74.7096557617188
2024-05-30,206.279922485352,190.512756347656,159.408264160156,260.824157714844,75.3645706176758
2024-05-31,209.396118164062,194.425567626953,162.770172119141,266.401702880859,75.9135589599609
2024-06-03,204.192764282227,192.76838684082,159.466567993164,262.289825439453,75.4319839477539
2024-06-04,203.513244628906,195.152893066406,158.786437988281,260.489715576172,73.8235702514648
2024-06-05,202.31916809082,195.742141723633,158.669860839844,259.830657958984,73.1012344360352
2024-06-06,203.581207275391,196.276123046875,158.494934082031,259.447021484375,72.8315582275391
2024-06-07,206.726501464844,195.668487548828,160.379943847656,262.860412597656,73.216796875
2024-06-10,207.79963684082,193.59700012207,159.165374755859,263.322723388672,73.216796875
2024-06-11,204.297271728516,191.948989868164,157.01806640625,259.614227294922,71.4735412597656
2024-06-12,202.199768066406,186.378997802734,156.075561523438,258.748596191406,71.9262161254883
2024-06-13,202.014419555664,187.446975708008,156.269866943359,258.915802001953,71.3772430419922
2024-06-14,200.824203491211,187.741561889648,152.616485595703,256.112487792969,71.0964126586914
2024-06-17,203.048553466797,191.718841552734,154.239135742188,257.356201171875,71.6386947631836
2024-06-18,203.41926574707,194.029708862305,155.521713256836,259.636383056641,71.7839431762695
2024-06-20,206.794784545898,194.121780395508,157.979965209961,263.041900634766,72.5101928710938
2024-06-21,204.677764892578,192.593475341797,155.958938598633,261.186157226562,72.519889831543
2024-06-24,205.936264038086,193.965225219727,157.805068969727,262.6865234375,73.6044311523438
2024-06-25,203.624114990234,191.755645751953,156.765411376953,259.893035888672,72.1519012451172
2024-06-26,200.716873168945,191.672805786133,153.869903564453,256.655334472656,72.1325378417969
2024-06-27,201.897338867188,194.582122802734,155.473114013672,258.649322509766,72.5973434448242
2024-06-28,198.375457763672,191.230895996094,155.133056640625,251.788970947266,71.8904571533203
2024-07-01,198.014511108398,192.842041015625,155.988082885742,251.532333374023,72.1325378417969
2024-07-02,198.687652587891,194.370361328125,155.638305664062,252.272644042969,72.9459686279297
2024-07-03,198.716949462891,193.679534912109,154.919281005859,250.801864624023,72.7716674804688
2024-07-05,196.941360473633,193.596618652344,153.937911987305,249.25212097168,71.5418548583984
2024-07-08,199.243759155273,193.163711547852,155.01643371582,249.725936889648,72.4424133300781
2024-07-09,198.180374145508,192.961059570312,154.219711303711,250.071411132812,73.352668762207
2024-07-10,202.131500244141,193.421615600586,155.43424987793,253.012985229492,73.5560150146484
2024-07-11,203.848510742188,195.107238769531,157.445571899414,254.661422729492,74.5243759155273
2024-07-12,206.433822631836,196.470474243164,159.048751831055,255.006896972656,74.6986846923828
2024-07-15,208.189865112305,199.970642089844,162.177474975586,256.842956542969,75.1634979248047
2024-07-16,212.472671508789,193.43083190918,163.051956176758,258.274230957031,75.8122787475586
2024-07-17,215.4091796875,203.885330200195,165.86003112793,264.019073486328,76.0931091308594
2024-07-18,215.214080810547,206.814407348633,171.680191040039,264.216552734375,75.5895614624023
2024-07-19,198.512054443359,202.043121337891,169.435668945312,256.527069091797,72.0647583007812
2024-07-22,200.404678344727,199.233764648438,169.872924804688,258.629577636719,73.6722183227539
2024-07-23,203.438751220703,198.865310668945,168.677795410156,259.853576660156,74.4468994140625
2024-07-24,202.658294677734,198.441604614258,167.453521728516,256.684967041016,72.8781814575195
2024-07-25,204.121673583984,195.982284545898,160.710296630859,258.234710693359,72.8684997558594
2024-07-26,208.628890991211,198.662658691406,164.373397827148,266.575714111328,74.7955169677734
2024-07-29,208.706924438477,196.774429321289,164.431701660156,268.194519042969,75.5121002197266
2024-07-30,215.038467407227,198.662658691406,168.668075561523,273.090545654297,76.5095062255859
2024-07-31,211.155639648438,197.225784301758,166.268112182617,272.103454589844,76.722541809082
2024-08-01,206.872817993164,198.294219970703,172.350631713867,268.441345214844,72.5392532348633
2024-08-02,209.292282104492,199.823257446289,171.806488037109,267.819458007812,69.6923065185547
2024-08-05,203.516815185547,194.269012451172,164.227645874023,265.845245361328,67.939582824707
2024-08-06,203.194869995117,197.161270141602,164.975830078125,261.758605957031,68.9854049682617
2024-08-07,204.258255004883,198.846908569336,165.83088684082,262.281799316406,68.3462905883789
2024-08-08,206.511840820312,201.131225585938,165.685134887695,265.746551513672,69.8569107055664
2024-08-09,207.292327880859,204.235321044922,166.180648803711,266.773132324219,69.7794570922852
2024-08-12,204.609466552734,205.395904541016,166.50129699707,264.542266845703,69.3436889648438
2024-08-13,205.731399536133,204.787979125977,167.084289550781,264.364593505859,69.3630523681641
2024-08-14,208.863021850586,215.850387573242,175.819396972656,268.855895996094,70.6025619506836
2024-08-15,211.145889282227,218.088668823242,173.059921264648,269.122436523438,71.0964126586914
2024-08-16,211.282485961914,217.268890380859,174.546524047852,269.882476806641,71.2319869995117
2024-08-19,213.604354858398,219.018951416016,175.498748779297,270.494476318359,72.0744476318359
2024-08-20,211.721481323242,219.912414550781,175.294708251953,268.520263671875,71.5418548583984
2024-08-21,211.623916625977,218.595260620117,173.76921081543,268.559753417969,71.9969711303711
2024-08-22,212.540985107422,221.26643371582,176.091430664062,269.329711914062,72.3940048217773
2024-08-23,216.404296875,222.215194702148,175.391860961914,272.537780761719,72.936279296875
2024-08-26,217.340850830078,223.320495605469,177.898712158203,272.073852539062,72.2487411499023
2024-08-27,218.17985534668,226.194320678711,179.890594482422,273.633453369141,72.0744476318359
2024-08-28,218.921279907227,228.672073364258,181.756149291992,275.114074707031,73.1299438476562
2024-08-29,220.804168701172,230.283996582031,183.009582519531,278.341888427734,73.7109603881836
2024-08-30,222.501693725586,232.301223754883,184.483978271484,280.513488769531,74.6115417480469
2024-09-03,222.306564331055,232.411758422852,184.737823486328,283.0009765625,73.6238098144531
2024-09-04,225.769912719727,233.87629699707,185.392044067383,287.186279296875,74.2629318237305
2024-09-05,226.189407348633,229.851089477539,181.378967285156,283.622894287109,71.5031204223633
2024-09-06,228.735687255859,229.068176269531,180.988403320312,283.790679931641,69.6342086791992
2024-09-09,235.213577270508,231.481414794922,182.785003662109,288.430084228516,70.5153961181641
2024-09-10,234.037750244141,229.473434448242,180.509963989258,287.275115966797,70.0215454101562
2024-09-11,226.639862060547,229.897155761719,180.041259765625,280.671478271484,69.8762969970703
2024-09-12,229.393249511719,229.795822143555,181.710952758789,284.837005615234,70.8639984130859
2024-09-13,233.038299560547,235.304000854492,183.859069824219,286.045074462891,70.7962188720703
2024-09-16,237.379028320312,236.086944580078,186.065765380859,288.471130371094,71.0785903930664
2024-09-17,236.673553466797,236.639602661133,185.772827148438,287.936401367188,71.6627883911133
2024-09-18,234.919631958008,237.330429077148,186.505142211914,286.35205078125,71.3706970214844
2024-09-19,232.793334960938,235.156646728516,186.18293762207,287.738342285156,71.9451675415039
2024-09-20,233.724182128906,238.785751342773,186.495391845703,287.817565917969,71.8185806274414
2024-09-23,234.52766418457,237.275131225586,188.3408203125,289.253356933594,72.3443756103516
2024-09-24,233.185256958008,236.298782348633,187.296051025391,286.926361083984,71.4875335693359
2024-09-25,231.558715820312,236.713272094727,185.518966674805,287.490783691406,71.0980606079102
2024-09-26,231.294158935547,232.467025756836,184.239883422852,287.005584716797,71.195426940918
2024-09-27,231.352935791016,231.288024902344,183.91764831543,286.738220214844,71.4096374511719
2024-09-30,229.403045654297,233.738143920898,185.177230834961,285.569763183594,71.3025360107422
2024-10-01,230.382904052734,234.207901000977,185.401794433594,289.263275146484,70.8059616088867
2024-10-02,230.324096679688,234.355255126953,185.733779907227,288.480987548828,70.5430679321289
2024-10-03,228.599563598633,232.457046508789,183.409912109375,285.718322753906,70.4359588623047
2024-10-04,231.450942993164,235.30436706543,186.07551574707,287.748229980469,74.0483093261719
2024-10-07,221.417236328125,226.237182617188,176.975326538086,274.469390869141,71.7017364501953
2024-10-08,225.699188232422,229.462310791016,178.557113647461,277.222198486328,72.6656951904297
2024-10-09,226.806427001953,231.065643310547,180.549026489258,280.064117431641,73.6101455688477
2024-10-10,228.501556396484,232.005554199219,181.408264160156,281.915893554688,74.5156707763672
2024-10-11,231.813491821289,234.13410949707,183.83952331543,284.024993896484,75.1972503662109
2024-10-14,235.282150268555,232.097702026367,186.036468505859,285.886627197266,75.5769882202148
2024-10-15,236.026840209961,231.83967590332,188.457977294922,284.589447021484,74.9538345336914
2024-10-16,238.055145263672,235.313598632812,191.035705566406,290.233703613281,75.1096267700195
2024-10-17,259.484497070312,231.600082397461,190.899017333984,298.937744140625,77.1056594848633
2024-10-18,260.101867675781,231.397369384766,190.762329101562,298.709991455078,76.4825057983398
2024-10-21,254.467666625977,231.047225952148,188.096694946289,294.937255859375,75.5088348388672
2024-10-22,253.997375488281,228.752777099609,188.233383178711,294.204467773438,75.0025100708008
2024-10-23,252.165008544922,227.831329345703,188.233383178711,292.115112304688,75.3919830322266
2024-10-24,251.253768920898,227.481155395508,187.471801757812,291.085266113281,75.6354064941406
2024-10-25,245.453018188477,224.633865356445,183.683288574219,285.173675537109,74.7980422973633
2024-10-28,247.285339355469,225.122207641602,184.747604370117,287.183837890625,75.440673828125
2024-10-29,243.659896850586,222.698776245117,182.169860839844,284.391418457031,74.6422576904297
2024-10-30,245.051284790039,223.915115356445,184.97216796875,280.866271972656,74.8175201416016
2024-10-31,240.984893798828,223.75846862793,182.121047973633,279.677947998047,73.8827819824219
2024-11-01,240.690933227539,223.657104492188,179.806930541992,274.697143554688,73.7269973754883
2024-11-04,237.917953491211,222.51448059082,178.068923950195,273.380126953125,74.3209457397461
2024-11-05,239.907073974609,228.5869140625,180.695465087891,274.578308105469,73.4056777954102
2024-11-06,248.83349609375,238.428131103516,184.337493896484,277.271728515625,74.9927749633789
2024-11-07,247.197158813477,235.221435546875,186.055999755859,275.271423339844,74.574104309082
2024-11-08,251.714294433594,240.980560302734,192.256225585938,278.608489990234,73.5906829833984
2024-11-11,253.154647827148,239.478622436523,192.861618041992,277.954986572266,73.3959426879883
2024-11-12,252.792129516602,241.73616027832,193.427947998047,280.123565673828,72.8896331787109
2024-11-13,251.498718261719,240.842361450195,192.646820068359,280.608764648438,74.0872573852539
2024-11-14,251.351715087891,237.276290893555,191.162643432617,284.1240234375,73.7562026977539
2024-11-15,255.565093994141,235.691375732422,192.236724853516,285.183563232422,73.7756805419922
2024-11-18,257.397430419922,236.373245239258,195.253845214844,285.906433105469,74.3014602661133
2024-11-19,254.046325683594,234.521133422852,191.963317871094,281.093963623047,73.3180618286133
2024-11-20,252.008239746094,236.833984375,192.63703918457,280.074035644531,72.6948928833008
2024-11-21,255.555282592773,242.749786376953,198.681060791016,282.321838378906,73.9801635742188
2024-11-22,257.181884765625,245.163986206055,198.993515014648,282.420867919922,74.0580368041992
2024-11-25,255.957077026367,244.998153686523,197.265274047852,283.619049072266,73.9509353637695
2024-11-26,258.455627441406,246.970062255859,202.967514038086,285.658905029297,74.2917327880859
2024-11-27,261.287414550781,245.901153564453,203.28971862793,287.500701904297,75.1096267700195
2024-11-29,260.679931640625,247.76252746582,203.397613525391,285.906433105469,74.8564605712891
2024-12-02,258.200897216797,243.302673339844,200.455352783203,287.074920654297,74.0093612670898
2024-12-03,255.339767456055,241.984954833984,199.484420776367,283.450714111328,73.1233139038086
2024-12-04,256.505767822266,239.902465820312,201.004592895508,281.816833496094,73.9606781005859
2024-12-05,257.955932617188,240.768630981445,200.298446655273,283.817077636719,74.1359405517578
2024-12-06,255.888427734375,234.567184448242,199.719802856445,280.549346923828,73.5712051391602
2024-12-09,246.84440612793,228.393417358398,195.208374023438,274.608032226562,72.1301727294922
2024-12-10,243.676086425781,227.849746704102,191.304977416992,271.914611816406,71.0785903930664
2024-12-11,241.20637512207,224.587768554688,189.578872680664,273.518768310547,71.7017364501953
2024-12-12,239.966567993164,223.693954467773,188.598129272461,272.686981201172,70.5527954101562
2024-12-13,242.347747802734,232.023971557617,192.481872558594,274.296478271484,70.9520111083984
2024-12-16,242.318237304688,230.595687866211,191.265762329102,273.928894042969,70.579963684082
2024-12-17,239.730438232422,228.089324951172,189.67692565918,274.892578125,69.7281875610352
2024-12-18,232.242553710938,221.408721923828,185.606826782227,269.805847167969,68.5337524414062
2024-12-19,233.895599365234,220.883499145508,186.136413574219,271.385498046875,69.6009140014648
2024-12-20,236.896621704102,221.123092651367,189.833862304688,271.425262451172,71.1674041748047
2024-12-23,237.487014770508,222.081390380859,189.902526855469,273.591094970703,70.952018737793
2024-12-24,238.982604980469,224.136260986328,191.756118774414,274.743560791016,71.3142623901367
2024-12-26,239.818984985352,224.090194702148,191.854202270508,276.462310791016,71.8037872314453
2024-12-27,237.536209106445,222.090621948242,190.069244384766,275.876129150391,71.4709091186523
2024-12-30,236.020904541016,220.782150268555,188.843292236328,273.620910644531,71.0303344726562
2024-12-31,237.024551391602,220.791351318359,189.078659057617,274.505096435547,71.2751007080078
2025-01-02,237.024551391602,221.74967956543,188.254837036133,270.749633789062,71.4513320922852
2025-01-03,238.402084350586,223.196380615234,187.764465332031,269.964813232422,71.2848892211914
2025-01-06,237.998672485352,220.772918701172,182.331130981445,265.573516845703,70.952018737793
2025-01-07,237.801879882812,223.251663208008,182.458602905273,267.014129638672,71.0694885253906
2025-01-08,238.874389648438,224.458755493164,188.10774230957,264.917785644531,69.9337921142578
2025-01-10,228.700302124023,221.284286499023,177.505828857422,256.035888671875,69.0232772827148
2025-01-13,229.585876464844,221.443939208984,179.025985717773,260.0595703125,69.3561553955078
2025-01-14,233.128082275391,225.181945800781,183.213806152344,263.785217285156,71.0694885253906
2025-01-15,236.129150390625,227.727172851562,184.410308837891,266.666381835938,71.5394439697266
2025-01-16,238.480804443359,230.61051940918,187.421203613281,271.753082275391,73.0471801757812
2025-01-17,235.676544189453,228.863586425781,185.263565063477,267.729400634766,73.5171356201172
2025-01-21,235.322326660156,226.355941772461,186.097198486328,267.113433837891,73.5954513549805
2025-01-22,242.761016845703,224.627822875977,181.683822631836,266.576965332031,73.1842498779297
2025-01-23,237.63459777832,224.947143554688,181.105194091797,264.768768310547,73.0373916625977
2025-01-24,237.97900390625,224.299118041992,182.488037109375,264.967498779297,72.2345733642578
2025-01-27,246.982147216797,231.897201538086,189.470962524414,274.69384765625,74.5157623291016
2025-01-28,244.443557739258,230.150314331055,187.283920288086,270.501281738281,73.5954513549805
2025-01-29,245.516082763672,231.418212890625,187.136795043945,274.038146972656,73.830436706543
2025-01-30,245.092956542969,234.066772460938,190.098663330078,272.994964599609,73.840217590332
2025-01-31,241.245712280273,231.455795288086,188.627532958984,270.113830566406,72.1170959472656
2025-02-03,240.675033569336,233.78498840332,188.284271240234,272.150482177734,71.5688171386719
2025-02-04,240.143676757812,232.920944213867,187.19563293457,270.461547851562,71.19677734375
2025-02-05,242.387100219727,233.860137939453,189.29443359375,271.02783203125,71.8429412841797
2025-02-06,243.666229248047,236.067245483398,188.186218261719,271.107330322266,73.0178146362305
2025-02-07,241.255554199219,235.362854003906,186.577774047852,268.404998779297,73.1255187988281
2025-02-10,238.529998779297,234.508193969727,182.988220214844,264.848236083984,73.5171356201172
2025-02-11,238.461151123047,241.909057617188,185.783355712891,266.219268798828,74.3395385742188
2025-02-12,236.798263549805,241.176498413086,185.685287475586,263.348083496094,75.2500534057617
2025-02-13,239.110534667969,246.191787719727,189.059051513672,266.000732421875,74.799690246582
2025-02-14,234.476104736328,246.633224487305,184.018005371094,262.801605224609,72.7828369140625
2025-02-18,234.574508666992,247.882339477539,185.312606811523,264.878051757812,73.8793792724609
2025-02-19,238.461151123047,253.226379394531,187.911590576172,264.709136962891,73.7031555175781
2025-02-20,237.368942260742,251.394973754883,185.538162231445,265.752319335938,74.65283203125
2025-02-21,236.178344726562,250.004943847656,182.0859375,265.513885498047,75.0444641113281
2025-02-24,244.256607055664,256.053375244141,185.116455078125,271.663696289062,76.9242401123047
2025-02-25,248.458099365234,261.585205078125,186.813140869141,275.647644042969,77.3648071289062
2025-02-26,244.856826782227,256.8046875,184.802597045898,271.882263183594,76.5326080322266
2025-02-27,250.70149230957,261.820037841797,191.304977416992,279.860107421875,78.0207824707031
2025-02-28,254.342132568359,264.853637695312,195.31623840332,283.625457763672,81.2027053833008
2025-03-03,256.654418945312,267.746368408203,198.170211791992,287.808135986328,80.8600311279297
2025-03-04,251.596893310547,265.971282958984,195.19856262207,282.304107666016,78.1774291992188
2025-03-05,253.889511108398,264.722137451172,195.718338012695,285.145538330078,79.6068420410156
2025-03-06,251.911758422852,264.074127197266,193.629348754883,284.430206298828,79.5774765014648
2025-03-07,253.564849853516,262.806213378906,196.865829467773,284.728240966797,79.8124389648438
2025-03-10,253.525283813477,261.744903564453,195.890029907227,291.056884765625,80.2040634155273
2025-03-11,251.499938964844,260.101318359375,198.689300537109,288.811584472656,79.9201431274414
2025-03-12,248.960845947266,260.674194335938,195.407043457031,282.135223388672,78.6963195800781
2025-03-13,252.863357543945,262.411743164062,199.103271484375,286.675506591797,79.8418197631836
2025-03-14,257.773620605469,266.44091796875,204.514556884766,292.974334716797,81.3887176513672
2025-03-17,261.94287109375,273.513031005859,207.087127685547,296.402801513672,82.5397644042969
2025-03-18,257.368530273438,266.055786132812,202.395370483398,294.668640136719,82.677490234375
2025-03-19,258.178680419922,256.673248291016,201.932113647461,295.256652832031,82.3036575317383
2025-03-20,256.420074462891,257.92236328125,207.165969848633,293.1337890625,82.3528366088867
2025-03-21,253.614227294922,256.269378662109,203.509185791016,290.452819824219,81.831428527832
2025-03-24,256.3212890625,257.340057373047,204.327285766602,290.462799072266,82.8348922729492
2025-03-25,256.331176757812,257.743896484375,205.135513305664,290.422912597656,82.5594329833984
2025-03-26,259.107391357422,255.968856811523,206.278869628906,294.329772949219,82.8250503540039
2025-03-27,259.522308349609,257.969360351562,206.288726806641,297.359558105469,83.0513229370117
2025-03-28,258.643035888672,261.904571533203,203.489456176758,295.446014404297,82.2642974853516
2025-03-31,261.280914306641,265.80224609375,204.1005859375,300.977386474609,85.5304718017578
2025-04-01,261.359954833984,267.00439453125,204.5244140625,300.389373779297,85.4025802612305
2025-04-02,261.310546875,264.130493164062,202.484100341797,300.528930664062,86.2978210449219
2025-04-03,259.937255859375,269.645538330078,202.375671386719,301.445831298828,84.8024673461914
2025-04-04,239.347793579102,242.060882568359,183.894546508789,279.738861083984,77.6700057983398
2025-04-07,231.019134521484,239.834182739258,177.941162109375,273.400207519531,76.3025436401367
2025-04-08,233.686676025391,244.635208129883,180.839004516602,274.067932128906,76.410758972168
2025-04-09,245.117614746094,253.776809692383,190.232330322266,283.665649414062,81.4772644042969
2025-04-10,242.222808837891,256.661163330078,188.05403137207,281.393280029297,80.0310974121094
2025-04-11,242.183303833008,258.972473144531,189.788787841797,282.419830322266,80.6410522460938
2025-04-14,247.824645996094,261.715881347656,192.696487426758,287.373168945312,80.1786651611328
2025-04-15,246.658843994141,259.414031982422,191.750244140625,283.845031738281,80.6213607788086
2025-04-16,249.444946289062,258.493286132812,191.454544067383,284.114135742188,79.6572570800781
2025-04-17,252.784317016602,249.398635864258,191.868530273438,284.632385253906,79.8245010375977
2025-04-21,246.58967590332,241.844787597656,184.269104003906,278.841888427734,78.0930404663086
2025-04-22,258.168792724609,249.050979614258,191.119430541992,289.446228027344,80.3163909912109
2025-04-23,255.965576171875,249.004013061523,191.937515258789,283.536071777344,80.3262329101562
2025-04-24,257.269744873047,249.154342651367,192.065658569336,281.054443359375,81.1132583618164
2025-04-25,256.044647216797,248.985229492188,190.143630981445,278.174102783203,79.9031982421875
2025-04-28,258.465179443359,253.278869628906,192.607788085938,281.233825683594,80.601692199707
2025-04-29,260.875854492188,259.601928710938,195.939300537109,283.994567871094,80.6705551147461
2025-04-30,260.954895019531,264.703582763672,195.545043945312,285.120758056641,80.1983337402344
2025-05-01,258.30712890625,260.870269775391,194.411529541016,282.340118408203,79.5293579101562
2025-05-02,264.195465087891,265.708892822266,196.442001342773,286.346618652344,82.3036575317383
2025-05-05,264.323944091797,265.098205566406,197.378372192383,286.864868164062,81.7035446166992
2025-05-06,264.827758789062,266.507476806641,199.162399291992,288.030975341797,81.1919708251953
2025-05-07,265.628021240234,269.06298828125,201.143600463867,289.456176757812,80.3655853271484
2025-05-08,267.564483642578,266.751770019531,199.714385986328,288.001068115234,80.4934768676758
2025-05-09,266.507354736328,267.306121826172,199.734115600586,288.908020019531,81.0739212036133
2025-05-12,264.837646484375,263.3037109375,199.58625793457,288.678771972656,82.1167297363281
2025-05-13,261.735412597656,265.502197265625,199.655242919922,284.373260498047,82.2839736938477
2025-05-14,259.433410644531,261.349456787109,197.713485717773,280.4365234375,80.5623397827148
2025-05-15,267.643493652344,264.149261474609,202.326385498047,291.070739746094,81.8806228637695
2025-05-16,270.340728759766,268.734161376953,206.062026977539,293.343078613281,82.9627914428711
2025-05-19,271.23974609375,270.810516357422,206.939270019531,293.592254638672,82.9726181030273
2025-05-20,270.419738769531,268.358367919922,205.135513305664,290.981018066406,82.7168426513672
2025-05-21,267.890502929688,264.008361816406,202.365814208984,289.446228027344,81.2903442382812
2025-05-22,267.821319580078,260.362945556641,199.615814208984,286.127380371094,80.6902313232422
2025-05-23,267.781829833984,260.532073974609,200.32551574707,285.140686035156,80.2967224121094
2025-05-27,272.563659667969,261.894378662109,204.277984619141,288.758514404297,81.8215942382812
2025-05-28,270.360443115234,260.278381347656,201.991256713867,288.030975341797,81.3985595703125
2025-05-29,271.111328125,260.532073974609,203.795013427734,293.163696289062,82.2347869873047
2025-05-30,272.385833740234,267.70068359375,206.860412597656,296.203491210938,83.2677612304688
2025-06-02,273.018127441406,271.280303955078,209.590698242188,298.92431640625,84.3695983886719
2025-06-03,272.751342773438,269.880432128906,208.23046875,295.416137695312,84.1630020141602
2025-06-04,268.591949462891,265.107604980469,203.824569702148,290.801635742188,83.6317672729492
2025-06-05,267.762054443359,263.256713867188,203.686584472656,290.542510986328,84.0351104736328
2025-06-06,270.399993896484,262.429962158203,205.076370239258,292.834808349609,85.9239807128906
2025-06-09,264.561004638672,254.904266357422,198.846633911133,288.828277587891,83.7990036010742
2025-06-10,260.910247802734,249.436187744141,194.518478393555,285.290191650391,82.9627914428711
2025-06-11,259.194000244141,247.303466796875,194.300598144531,284.652313232422,83.0316543579102
2025-06-12,263.836822509766,252.189041137695,198.400955200195,288.320007324219,84.4089508056641
2025-06-13,261.376525878906,251.65348815918,197.014358520508,286.790008544922,83.6771087646484
2025-06-16,263.033264160156,250.3193359375,197.697738647461,286.429992675781,84.4979553222656
2025-06-17,262.309051513672,249.699264526367,196.291351318359,283.799987792969,83.2914123535156
2025-06-18,262.795166015625,244.58821105957,193.795486450195,282.149993896484,83.3210754394531
2025-06-20,262.874542236328,246.166641235352,193.458740234375,283.820007324219,84.1913757324219
2025-06-23,265.493530273438,250.272399902344,196.43000793457,288.190002441406,84.8737640380859
2025-06-24,264.025299072266,249.924758911133,194.171844482422,286.779998779297,84.5177307128906
2025-06-25,258.737670898438,243.968139648438,189.110794067383,282.820007324219,82.9749374389648
2025-06-26,260.860687255859,245.800201416016,192.2900390625,283.570007324219,84.0331344604492
2025-06-27,261.2177734375,248.026885986328,193.884613037109,285.119995117188,83.6573257446289
2025-06-30,265.414184570312,250.723342895508,199.381454467773,289.720001220703,84.6463012695312
2025-07-01,264.878479003906,248.318145751953,198.22265625,289.589996337891,84.9232177734375
2025-07-02,255.295227050781,242.211196899414,192.82487487793,280.079986572266,81.4519195556641
2025-07-03,262.031280517578,245.933197021484,196.103164672852,283.799987792969,82.2628784179688
2025-07-07,256.93212890625,238.301223754883,192.676315307617,279.970001220703,82.1145248413086
2025-07-08,254.352798461914,236.515441894531,191.547225952148,279.950012207031,82.2826538085938
2025-07-09,253.291290283203,235.359359741211,192.230606079102,280,82.1540908813477
2025-07-10,253.955963134766,234.391265869141,192.814971923828,280.540008544922,81.5508117675781
2025-07-11,252.457962036133,230.255722045898,191.477905273438,278.049987792969,80.8783111572266
2025-07-14,253.440093994141,232.502075195312,194.320404052734,280.200012207031,80.7299652099609
2025-07-15,248.628631591797,227.642822265625,190.586517333984,275.679992675781,80.176139831543
2025-07-16,250.186157226562,231.646774291992,193.745956420898,277.600006103516,80.0970230102539
2025-07-17,259.729705810547,232.408096313477,191.170867919922,275.459991455078,80.0970230102539
2025-07-18,263.856658935547,231.59977722168,192.220733642578,274.130004882812,80.3145904541016
2025-07-21,261.148345947266,230.396713256836,191.071838378906,274.019989013672,79.8893356323242
2025-07-22,264.660217285156,232.502075195312,195.538619995117,278.730010986328,80.5222854614258
2025-07-23,262.636413574219,232.652450561523,195.716903686523,270.149993896484,78.6333389282227
2025-07-24,259.908264160156,232.511474609375,192.082061767578,270.179992675781,78.3564300537109
2025-07-25,258.975738525391,235.067993164062,193.8251953125,269.149993896484,79.2168350219727
2025-07-28,252.884536743164,226.486740112305,190.160629272461,265.989990234375,78.3564300537109
2025-07-29,257.755523681641,226.975494384766,192.042434692383,268.549987792969,78.0498428344727
2025-07-30,256.862701416016,227.182281494141,190.437957763672,266.510009765625,76.5564956665039
2025-07-31,258.172180175781,227.492431640625,201.302871704102,266.040008544922,76.7740631103516
2025-08-01,256.267456054688,226.599517822266,197.856201171875,267.399993896484,76.1510162353516
2025-08-04,260.910247802734,227.060073852539,201.084976196289,267.739990234375,77.4267959594727
2025-08-05,263.063018798828,228.338333129883,203.580825805664,267.679992675781,77.5751342773438
2025-08-06,265.453857421875,232.64306640625,207.007690429688,269.630004882812,78.1883010864258
2025-08-07,263.251495361328,230.565887451172,203.036102294922,269.309997558594,75.7554244995117
2025-08-08,262.765411376953,231.693771362305,204.818862915039,271.239990234375,77.2685546875
2025-08-11,262.160247802734,230.161743164062,204.521743774414,271,77.7630386352539
2025-08-12,261.832885742188,228.432327270508,204.779235839844,269.769989013672,77.6147003173828
2025-08-13,267.160186767578,234.212692260742,206.809600830078,275.040008544922,79.009147644043
2025-08-14,266.455841064453,235.866912841797,206.700653076172,275.739990234375,79.4245147705078
2025-08-15,263.479675292969,232.295303344727,204.799057006836,274.209991455078,79.1278305053711
2025-08-18,262.815002441406,232.238906860352,205.106079101562,272.920013427734,79.4937438964844
2025-08-19,266.733612060547,235.575546264648,208.364562988281,273.799987792969,80.3937149047852
2025-08-20,272.209747314453,237.492919921875,211.573516845703,279.679992675781,81.6200408935547
2025-08-21,272.735534667969,233.987121582031,204.571258544922,278.820007324219,81.6793746948242
2025-08-22,274.094665527344,234.231491088867,203.551132202148,277.690002441406,82.4606704711914
2025-08-25,270.176025390625,229.419204711914,200.144073486328,274.410003662109,81.8771743774414
2025-08-26,268.737579345703,231.242614746094,201.233535766602,272,81.6694946289062
2025-08-27,270.047088623047,229.983154296875,201.857498168945,273.049987792969,81.3035736083984
2025-08-28,268.132415771484,231.317810058594,201.807983398438,273.25,80.7002944946289
2025-08-29,269.352661132812,232.210708618164,202.494735717773,275.070007324219,80.4233856201172
2025-09-02,271.178009033203,231.08283996582,202.38525390625,276.809997558594,80.1563568115234
2025-09-03,274.352600097656,231.891159057617,203.609497070312,278.220001220703,80.4431533813477
2025-09-04,277.209686279297,234.043502807617,207.351837158203,279.880004882812,80.8288650512695
2025-09-05,273.033172607422,229.203048706055,200.583755493164,277.380004882812,78.3366470336914
2025-09-08,272.299041748047,231.15803527832,199.369476318359,277.470001220703,77.901496887207
2025-09-09,271.376403808594,228.639099121094,199.180374145508,276.989990234375,77.6147003173828
2025-09-10,271.256896972656,231.59977722168,199.090805053711,277.450012207031,77.1399917602539
2025-09-11,278.328918457031,233.846145629883,201.519348144531,282.890014648438,77.85205078125
2025-09-12,277.830902099609,233.357391357422,199.449111938477,278.109985351562,78.0597305297852
2025-09-15,275.211242675781,230.885452270508,195.965545654297,274.329986572266,76.1806793212891
2025-09-16,270.87841796875,230.246322631836,195.378311157227,272.019989013672,75.9419326782227
2025-09-17,273.946258544922,228.968063354492,196.323852539062,272.25,76.3995361328125
2025-09-18,276.804962158203,227.454849243164,204.714263916016,274.279998779297,77.6231231689453
2025-09-19,275.908508300781,227.774398803711,205.072570800781,273.890014648438,76.5785980224609
2025-09-22,275.022003173828,226.65592956543,205.490615844727,273,76.1309432983398
2025-09-23,275.171447753906,224.268585205078,206.754638671875,275.899993896484,76.3000564575195
2025-09-24,275.569854736328,225.575057983398,208.4267578125,278.260009765625,77.4937973022461
2025-09-25,273.139465332031,227.633422851562,208.834838867188,278.299987792969,76.6979675292969
2025-09-26,276.66552734375,228.845886230469,211.761016845703,280.690002441406,77.5733871459961
2025-09-29,275.410491943359,229.710586547852,210.287979125977,279.559997558594,77.4937973022461
2025-09-30,278.119750976562,232.107315063477,213.642150878906,282.25,78.1304626464844
2025-10-01,276.147552490234,231.646774291992,209.690780639648,281.410003662109,79.224723815918
2025-10-02,278.9365234375,228.957580566406,209.023941040039,281.369995117188,79.224723815918
2025-10-03,283.438720703125,231.026184082031,209.830139160156,283.959991455078,80.597526550293
2025-10-06,281.615936279297,226.136749267578,207.849487304688,286.390014648438,82.5870971679688
2025-10-07,283.847106933594,229.324279785156,210.79557800293,289.239990234375,83.6117324829102
2025-10-08,281.645812988281,228.543853759766,211.352966308594,287.100006103516,83.5619888305664
2025-10-09,273.328704833984,227.697601318359,208.008728027344,284.329986572266,82.7363204956055
2025-10-10,269.055603027344,225.666610717773,204.704315185547,283.010009765625,80.8760757446289
2025-10-13,269.314605712891,222.16877746582,204.674453735352,282.529998779297,81.3933563232422
2025-10-14,274.553894042969,226.042709350586,208.536239624023,284.630004882812,82.4776763916016
2025-10-15,268.388275146484,212.972854614258,199.478973388672,278.309997558594,80.8362808227539
2025-10-16,260.539306640625,208.497146606445,193.964981079102,268.230010986328,76.6183853149414
2025-10-17,260.977569580078,212.136016845703,194.950332641602,268.209991455078,76.9566116333008
2025-10-20,264.204803466797,206.278091430664,192.880096435547,268.200012207031,77.2848968505859
2025-10-21,268.278686523438,208.365509033203,192.830337524414,269.260009765625,77.9712905883789
2025-10-22,267.432037353516,209.333984375,193.875396728516,276.519989013672,78.5283813476562
2025-10-23,268.039642333984,207.415817260742,193.546966552734,282.940002441406,78.4388427734375
2025-10-24,268.826538085938,206.005401611328,192.282913208008,281.940002441406,78.5880661010742
2025-10-27,269.274749755859,203.654708862305,192.292861938477,281.679992675781,78.8964462280273
2025-10-28,267.073455810547,199.254211425781,189.953903198242,275.579986572266,77.9812393188477
2025-10-29,266.854339599609,195.549514770508,189.107894897461,278,77.5733871459961
2025-10-30,269.942108154297,194.609237670898,190.979064941406,278.059997558594,77.7822875976562
2025-10-31,267.5615234375,193.697174072266,190.620758056641,276.940002441406,78.5482711791992
2025-11-03,266.605316162109,191.534530639648,190.352020263672,278.25,78.5482711791992
2025-11-04,276.187408447266,197.07275390625,194.343185424805,285.649993896484,80.2891464233398
2025-11-05,275.559875488281,196.46159362793,193.835586547852,283.260009765625,75.9220352172852
2025-11-06,275.171447753906,197.091567993164,197.080276489258,283.049987792969,75.8822479248047
2025-11-07,278.707427978516,204.294097900391,201.340179443359,287.549987792969,76.5288543701172
2025-11-10,281.277282714844,204.53857421875,202.932678222656,288.25,76.5189056396484
2025-11-11,284.892944335938,206.776428222656,206.386383056641,292.420013427734,75.7529220581055
2025-11-12,285.002532958984,208.619369506836,208.22770690918,294.929992675781,77.5932769775391
2025-11-13,286.287475585938,209.82292175293,210.168548583984,296.220001220703,77.9414520263672
2025-11-14,286.157958984375,211.731689453125,213.293807983398,295.489990234375,77.3445816040039
2025-11-17,283.388916015625,211.891540527344,208.22770690918,295.579986572266,76.0613098144531
2025-11-18,285.719696044922,211.449615478516,208.974182128906,296.570007324219,76.6681289672852
2025-11-19,284.345123291016,209.616058349609,208.944305419922,293.959991455078,75.3550109863281
2025-11-20,286.715759277344,212.502716064453,210.745819091797,296.320007324219,75.2953262329102
2025-11-21,288.927001953125,213.358367919922,213.313705444336,298.290008544922,75.5639114379883
2025-11-24,289.693969726562,211.637664794922,211.372848510742,295.809997558594,74.7183456420898
2025-11-25,292.542724609375,212.888229370117,211.65153503418,297.769989013672,74.6188735961914
2025-11-26,293.359466552734,215.464584350586,212.865814208984,297.899993896484,75.6435012817383
2025-11-28,291.705993652344,215.126083374023,211.979995727539,296.179992675781,75.7628784179688
2025-12-01,289.355316162109,214.21403503418,210,293.880004882812,76.2105255126953
2025-12-02,287.383117675781,215.097885131836,208.910003662109,294.5,76.5487518310547
2025-12-03,283.149841308594,213.612243652344,208.619995117188,295.049987792969,76.6681289672852
2025-12-04,281.735473632812,213.527618408203,206.369995117188,294.640014648438,76.8770294189453
2025-12-05,279.783203125,209.578460693359,202.270004272461,295,76.6283340454102
2025-12-08,278.767181396484,209.832336425781,200.869995117188,297.230010986328,75.9120864868164
2025-12-09,278.059997558594,212.831817626953,201.050003051758,301.220001220703,76.0215148925781
2025-12-10,278.350006103516,209.503234863281,201.190002441406,296.540008544922,80.6572189331055
2025-12-11,282.880004882812,216.677551269531,206.820007324219,305.980010986328,82.4179840087891
2025-12-12,285.309997558594,220.824172973633,207.179992675781,308.470001220703,84.4572982788086
2025-12-15,290.589996337891,222.243988037109,211.940002441406,312.609985351562,85.8499984741211
2025-12-16,289.609985351562,217.965728759766,209.509994506836,311.040008544922,84.5400009155273
2025-12-17,291.269989013672,213.696868896484,209.080001831055,312.959991455078,86.1399993896484
2025-12-18,293.649993896484,211.430801391602,204.929992675781,310.959991455078,86.1900024414062
2025-12-19,292.920013427734,210.885437011719,205,310.600006103516,86.0299987792969
2025-12-22,291.640014648438,213.781494140625,208.279998779297,310.950012207031,86.4300003051758
2025-12-23,292.459991455078,214.279846191406,209.550003051758,313.299987792969,86.5899963378906
2025-12-24,293.839996337891,214.063583374023,209.050003051758,313.320007324219,86.5199966430664
2025-12-26,292.119995117188,213.565231323242,207.800003051758,313.470001220703,86.4800033569336
2025-12-29,291.929992675781,214.862808227539,208.660003662109,314.450012207031,86.4800033569336
2025-12-30,292.380004882812,216.235626220703,209.100006103516,314.140014648438,86.129997253418
